表紙画像説明,表紙テキストエリア1,表紙テキストエリア2,内容1画像説明,内容1テキストエリア1,内容1テキストエリア2,内容2画像説明,内容2テキストエリア1,内容2テキストエリア2,内容3画像説明,内容3テキストエリア1,内容3テキストエリア2,投稿のテキスト+ハッシュタグ
"if(塾)のロゴマークが表示された明るいグラフィックデザイン、青と白を基調とした清潔感のある配色、中央にロゴマーク、背景には抽象的な幾何学模様やコード断片のデザイン要素、現代的でプロフェッショナルな雰囲気、フラットデザインスタイル","if(塾)\nって?","子どもの未来を\n変える\nオンライン塾","Zoomなどのビデオ会議ツールの画面キャプチャ、複数の生徒のアバターまたはイニシャル表示が並ぶグリッドレイアウト、オンライン授業の雰囲気が伝わる画面構成、共有画面にコードやプログラミング教材が表示されている、現代的なオンライン教育ツールのインターフェース","オンライン\n授業","自宅から\n学べる\n環境","ノートパソコンの画面に表示されたプログラミングコードエディタのスクリーンショット、カラフルな構文ハイライト表示、ScratchやPythonなどの教育用プログラミング言語、明るく見やすいインターフェース、学習しやすいビジュアル","プログラ\nミング","基礎から\n楽しく\n学べる","AIや技術に関連するアイコンやグラフィックが配置されたインフォグラフィック、ロボット・脳・ギアなどのアイコン、青とオレンジの配色、未来的で先進的な雰囲気、フラットデザインスタイルのイラスト","最新技術","AIと\n起業家精神を\n学ぶ","if(塾)では、プログラミングとAI、起業家精神を学べるオンライン教育を提供しています。子どもたちの可能性を最大限に引き出し、未来を切り開く力を育てます。
#if塾
#オンライン塾
#プログラミング教育
#AI学習
#子ども教育
#起業家教育"
"マインクラフトのゲーム画面、カラフルなブロックで作られた建造物や風景、明るいゲーム内照明、プレイヤーが作成したクリエイティブな構造物、ピクセルアートスタイルの特徴的なビジュアル、教育版マインクラフトの画面","マイン\nクラフト","楽しく学ぶ\n第一歩","マインクラフト教育版の画面、コードビルダーやコマンドブロックが表示されている、プログラミング要素が見えるインターフェース、ブロックとコードが組み合わさった教育的な画面構成、ゲーム画面とプログラミングツールの組み合わせ","コードで\n制御","ゲーム内で\nプログラミング\nを体験","マインクラフト内のレッドストーン回路の画面、複雑な回路や装置が配置されている、赤い光を放つレッドストーンワイヤーとブロック、論理回路や自動装置のビジュアル、技術的な構造物のスクリーンショット","論理的\n思考","回路を作りながら\n考える力を\n育てる","マインクラフトで生徒が作成した作品のスクリーンショット、完成した建築物やプログラムされた装置、達成感が伝わる完成作品の画面、創造性が表現された構造物やシステム","作品\n完成","自分だけの\n世界を\n作る喜び","マインクラフトを使ったプログラミング学習で、子どもたちは楽しみながら論理的思考を身につけます。ゲームの中で創造性を発揮しながら、実践的なスキルを習得できます。
#マインクラフト
#プログラミング学習
#ゲーム学習
#論理的思考
#創造力
#if塾"
"講師を紹介するグラフィックデザイン、人物アイコンやイラストで構成されたプロフェッショナルな雰囲気、教育関連のビジュアル要素、青と白の配色で清潔感のあるデザイン","講師\n紹介","経験豊富な\nメンター陣が\nサポート","オンライン授業のZoom画面、講師の画面共有でコーディングのデモンストレーションをしている様子、コードエディタとビデオ通話が表示された画面構成、教育的な説明が行われている雰囲気のインターフェース","丁寧な\n指導","画面越しでも\nわかりやすく\n説明","複数の生徒とのオンラインビデオ通話画面、グリッドレイアウトで並んだビデオウィンドウ、チャット機能やリアクション機能が見える画面、双方向コミュニケーションが取れるオンライン環境","質問\nしやすい","いつでも\n気軽に\n聞ける環境","オンライン授業の画面で、生徒の作成したコードにコメントやフィードバックが書き込まれている様子、赤や緑のマーカーで強調された部分、建設的なアドバイスが視覚化された画面","成長\nサポート","一人ひとりの\nペースに\n合わせて","if(塾)の講師陣は、プログラミングと教育の経験が豊富です。オンラインでも対面と変わらない質の高い指導で、一人ひとりの成長をサポートします。
#講師紹介
#オンライン教育
#個別指導
#プログラミング講師
#教育サポート
#if塾"
"AIに関連するビジュアルグラフィック、ニューラルネットワークや脳のイラスト、データフローを示す図、青と紫のグラデーション配色、未来的でテクノロジー感のあるデザイン","AI\n学習","未来の技術を\n今から学ぶ","子ども向けAIプログラミングツールの画面、Teachable MachineやScratch AIブロックなどのインターフェース、視覚的でわかりやすいAI学習ツール、カラフルなブロックやアイコンで構成された教育的な画面","わかり\nやすい","ビジュアルで\nAIの仕組みを\n理解","AIモデルのトレーニング画面、データセットや学習結果が表示されているグラフやチャート、精度や損失のグラフが示された画面、機械学習のプロセスが視覚化されたインターフェース","実際に\n作る","自分のAIを\nトレーニング\nする体験","完成したAIアプリケーションのデモ画面、画像認識や音声認識などの結果が表示されている、実際に動作しているAIの出力結果、成功を示すインターフェース表示","動く\nAI","作ったAIが\n実際に\n機能する喜び","AI学習プログラムでは、基礎から実践まで段階的に学べます。子どもたちが実際にAIを作る体験を通じて、未来に必要なスキルを楽しく習得できます。
#AI学習
#人工知能
#プログラミング
#未来教育
#STEM教育
#if塾"
"起業家教育を表すグラフィックデザイン、電球・ロケット・グラフなどのビジネスアイコン、オレンジと青の配色、アイデアと成長を象徴するビジュアル要素","起業家\n教育","ビジネスの\n基礎から学ぶ","ビジネスプランのテンプレート画面またはマインドマップツールのスクリーンショット、アイデアが整理されている図、カラフルな付箋やノードで構成された思考の可視化、デジタルツールでの企画書作成画面","アイデア\nを形に","自分の考えを\n整理する\n方法を学ぶ","プレゼンテーションスライドの画面、生徒が作成したビジネスアイデアの発表資料、グラフやイラストが配置されたスライド、プロフェッショナルな資料作成の例","発表\nする力","自分の\nアイデアを\n伝える","オンラインイベントでの発表画面、Zoomで複数の参加者に向けてプレゼンテーションしている様子、画面共有とビデオ通話が組み合わさった構成、達成感が伝わる場面","実践\nの場","実際に\nプレゼン\nする経験","起業家教育プログラムでは、ビジネスの基礎から実践まで学べます。自分のアイデアを形にする過程で、問題解決力とチャレンジ精神を育てます。
#起業家教育
#ビジネス教育
#アイデア実現
#チャレンジ精神
#問題解決力
#if塾"
"オンライン学習を表すグラフィック、パソコンやタブレットのイラスト、WiFiや家のアイコン、明るく親しみやすい配色、フラットデザインスタイル","オンライ\nン学習","自宅で\n質の高い授業","ZoomまたはGoogle Meetなどのビデオ会議画面、オンライン授業の様子が伝わるインターフェース、画面共有機能でコードや教材が表示されている、チャット欄にコメントや質問が流れている雰囲気","双方向\n授業","リアルタイムで\n質問・相談\nできる","学習管理システム(LMS)のダッシュボード画面、進捗状況や課題が一覧表示されている、カレンダーやチェックリストが見えるインターフェース、整理された学習環境の画面","進捗\n管理","学習状況が\nひと目で\nわかる","録画された授業動画のサムネイル一覧またはビデオプレイヤー画面、再生コントロールやタイムスタンプが見える画面、自分のペースで学べる環境","復習\n可能","何度でも\n見返せる\n授業","オンライン学習なら、自宅で質の高い授業が受けられます。録画機能で復習もでき、保護者も安心して見守れます。
#オンライン学習
#自宅学習
#効率的学習
#保護者安心
#質の高い教育
#if塾"
"プログラミングコードのスクリーンショット、カラフルな構文ハイライト表示、HTMLまたはPythonのコード、エディタのインターフェース、技術的でありながらわかりやすいビジュアル","プログラ\nミング","実際に\nコードを書く","Visual Studio CodeやScratchなどのコードエディタ画面、行番号と構文ハイライトが表示されたコード、初心者向けの簡単なプログラム、学習しやすいインターフェース構成","基礎\nから","変数や関数を\nしっかり\n理解","プログラムの実行結果を示すコンソール画面またはアプリの動作画面、簡単なゲームの出力、成功メッセージが表示されている、達成感が伝わる画面構成","動いた!\n瞬間","自分のコードが\n動く\n喜び","デバッグ画面、エラーメッセージと修正後の正常動作が対比されている、エラー解決のプロセスが視覚化された画面、学習の過程が伝わるビジュアル","問題\n解決","エラーを\n乗り越える\n経験","プログラミング学習では、実際にコードを書く体験を通じて論理的思考を育てます。エラーを解決する過程で問題解決力が身につき、完成の達成感が自信につながります。
#プログラミング
#コーディング
#論理的思考
#問題解決
#達成感
#if塾"
"協働学習を表すグラフィックデザイン、複数の人物アイコンが繋がっている図、チームワークを象徴するビジュアル、温かみのある配色","みんな\nで学ぶ","仲間と一緒に\n成長できる","Zoom画面で複数の生徒が参加しているオンラインワークショップの様子、ブレイクアウトルーム機能を使ったグループワーク、画面共有で協力してプロジェクトに取り組む雰囲気","協力\nして","教え合い\n学び合う\n環境","GitHubやGoogleドキュメントなどの共同編集画面、複数のユーザーが同時に編集している様子、コメントやレビューが表示されている、協働作業のインターフェース","共同\n作業","オンラインで\nも協力\nできる","オンラインイベントでのグループ発表画面、複数の生徒が共同で作成したプロジェクトのプレゼンテーション、チーム名やメンバー名が表示されている、協力の成果が伝わる画面","成果\n発表","チームで\n作り上げた\n達成感","if(塾)では、オンラインでも仲間と一緒に学ぶ環境を大切にしています。協力して課題を解決する中で、コミュニケーション力と協調性が育ちます。
#協働学習
#チームワーク
#コミュニケーション力
#仲間
#成長
#if塾"
"アプリ開発を表すグラフィック、スマートフォンとコードのイラスト、アプリアイコンのデザイン要素、現代的でクリエイティブな雰囲気","アプリ\n開発","自分の\nアプリを作る","MIT App InventorやThunkableなどのビジュアルアプリ開発ツールの画面、ブロックを組み合わせてアプリを作成するインターフェース、カラフルで直感的なデザインツール","ビジュアル\n開発","ブロックを\n組み合わせて\nアプリ作成","アプリのUIデザイン画面、ボタンやテキストフィールドなどのUI要素が配置されている、カラフルで見やすいインターフェースデザイン、デザインツールの画面構成","デザイン\nも学ぶ","見た目も\n自分で\n考える","完成したアプリのスクリーンショット、スマートフォン画面に表示された動作中のアプリ、実際に機能しているインターフェース、成果物としてのアプリ画面","完成!\nアプリ","実際に動く\nアプリの\n完成","アプリ開発コースでは、自分だけのアプリを一から作ります。デザインから機能まで自分で考え、実際に動くものを作る過程で、創造力と実践的なスキルが身につきます。
#アプリ開発
#プログラミング
#創造力
#実践的スキル
#ものづくり
#if塾"
"ゲーム開発を表すグラフィック、ゲームコントローラーやピクセルアートのキャラクター、楽しげでカラフルな雰囲気、ゲーム的なビジュアルデザイン","ゲーム\n開発","遊びを\n作る側へ","Scratchのゲーム開発画面、キャラクタースプライトとブロックコードが表示されている、2Dゲームの開発環境、カラフルで子ども向けの親しみやすいインターフェース","企画\nから","ストーリーも\nルールも\n全部自分で","ゲームエディタでのレベルデザイン画面、マップエディタやステージ配置ツール、ゲーム要素が配置されているエディタ画面、クリエイティブな作業環境","レベル\n作成","ゲームの\nステージを\nデザイン","完成したゲームのプレイ画面、実際に動作しているゲームのスクリーンショット、キャラクターやスコア表示が見える、楽しそうなゲーム画面","完成\nゲーム","自作ゲームで\n遊べる\n喜び","ゲーム開発では、企画からプログラミングまで全てを体験します。自分が作ったゲームが実際に動く喜びが、さらなる学習意欲につながります。
#ゲーム開発
#プログラミング
#企画力
#創造性
#学習意欲
#if塾"
"3Dモデリングを表すグラフィック、3D形状やワイヤーフレームのイラスト、立体的なデザイン要素、技術的で先進的な雰囲気","3D\nモデル","立体的に\n考える力","Tinkercadなどの初心者向け3Dモデリングツールの画面、シンプルな形状を組み合わせて3Dオブジェクトを作成している様子、グリッドと3Dビューポートが表示された画面","簡単な\nツール","初心者でも\n使いやすい\n3Dソフト","3Dモデルの編集画面、色やテクスチャが適用されたオブジェクト、回転・拡大・移動などの編集ツールが見えるインターフェース、制作過程の画面","デザイン\n中","色や形を\n自由に\n変更","完成した3Dモデルのレンダリング画像、綺麗にレンダリングされた3D作品、背景や照明が設定された完成作品、成果物としての3Dモデル","作品\n完成","自分の想像が\n3Dで\n形になる","3Dモデリングコースでは、立体的な作品を作ります。空間認識力と創造力を育てながら、自分の想像を形にする楽しさを体験できます。
#3Dモデリング
#空間認識
#創造力
#デザイン
#ものづくり
#if塾"
"ロボットプログラミングを表すグラフィック、ロボットやギアのイラスト、電子回路の図、技術的でSTEM教育らしい雰囲気","ロボット\nプログラ\nミング","実際に動く\nものを作る","micro:bitやArduinoのプログラミング画面、ブロックコードまたはテキストコードでロボットを制御するインターフェース、センサーやモーターの制御コード","コード\nで制御","センサーや\nモーターを\nプログラム","シミュレーター画面でのロボット動作テスト、仮想環境でロボットが動いている様子、センサー値やモーターの動きが視覚化された画面、デバッグ環境","シミュレ\nーション","動作を\nテスト\nできる","実際のロボットキットの写真、micro:bitやレゴロボットなどの教育用ロボット、実物の電子部品やセンサーが配置されている、オンラインでも実機体験が可能な教材","実機\n体験","実物の\nロボットも\n使える","ロボットプログラミングでは、実際に動くロボットを制御します。ハードウェアとソフトウェアの両方を学び、理論と実践を結びつける力が身につきます。
#ロボット
#プログラミング
#電子工作
#STEM教育
#実践学習
#if塾"
"無料体験を表すグラフィック、プレゼントボックスやチケットのイラスト、体験授業のイラスト、明るく歓迎的な雰囲気、親しみやすい配色とレイアウト","無料\n体験","まずは\n試してみよう","体験授業の案内画面、授業内容や日程が表示されたウェブページまたは案内資料、わかりやすいステップ表示、申し込みボタンが配置された画面","簡単\n申込","ウェブから\nすぐに\n申し込める","オンライン体験授業の画面、初めての生徒向けの優しい授業風景、Zoom画面で講師が丁寧に説明している様子、体験授業の雰囲気が伝わる画面構成","実際の\n授業","本物の授業を\n体験\nできる","保護者向けの説明資料画面、料金プランやカリキュラムが明示された資料、わかりやすい表やグラフ、透明性のある情報提示","納得\nしてから","詳しい説明を\n聞いてから\n決められる","if(塾)では無料体験授業を実施しています。実際の授業を体験して、お子様に合うかどうか確認してから始められます。
#無料体験
#オンライン授業
#授業体験
#入塾検討
#安心
#if塾"
"スケジュール管理を表すグラフィック、カレンダーや時計のアイコン、整理された印象のデザイン、ビジネスライクな配色","好きな\n時間に","柔軟な\nスケジュール","カレンダーアプリまたはスケジューリングツールの画面、授業の予約状況が表示されたカレンダービュー、空き時間が色分けされた見やすいインターフェース、予約管理画面","予約\nシステム","自分の都合に\n合わせて\n予約","オンライン授業の時間帯を示すグラフィック、朝・昼・夕方・夜などの時間帯アイコン、多様な時間選択肢を示すビジュアル、フレキシブルな時間設定","様々な\n時間帯","部活や習い事と\n両立\nできる","学習記録ダッシュボード画面、受講時間や進捗状況がグラフで表示されている、保護者も確認できる学習管理画面、データが視覚化されたインターフェース","進捗\n確認","学習状況を\nいつでも\n確認","オンラインだから、お子様のスケジュールに合わせて柔軟に学習できます。習い事や部活との両立も簡単で、最も集中できる時間を選べます。
#柔軟なスケジュール
#オンライン学習
#両立
#効率的学習
#進捗確認
#if塾"
"達成感を表すグラフィック、メダルやトロフィーのアイコン、ポジティブで励ましの雰囲気、金色やカラフルな配色","小さな\n目標","達成の\n喜びを実感","バッジやスタンプが並んだ達成記録画面、獲得したバッジが一覧表示されている、ゲーミフィケーション要素のある学習管理画面、モチベーションを高めるデザイン","達成\nバッジ","頑張りが\n見える\n仕組み","学習進捗グラフ、スキルツリーやレベルアップ表示、成長が視覚化されたダッシュボード、上昇するグラフやチャート、ポジティブなフィードバック表示","成長\nグラフ","上達が\nひと目で\nわかる","修了証明書のデジタル画像、コース修了を示す証明書デザイン、名前と日付が入った公式な証明書、達成を祝うビジュアル要素","修了\n証明","頑張った証が\n形に\n残る","if(塾)では、小さな達成を積み重ねることを大切にしています。スキルアップが見える化されることで、お子様の自信と学習意欲が育ちます。
#成長実感
#達成感
#自信
#学習意欲
#見える化
#if塾"
"個別指導を表すグラフィック、1対1を示すアイコン、パーソナライズされた印象のデザイン、温かみのある配色","レベル\n別指導","一人ひとりに\n最適な学び","レベル分けされたカリキュラム表、初級・中級・上級などのレベル表示、スキルマップやラーニングパス、段階的な学習プランの視覚化","段階的\n学習","基礎から\n応用まで\nステップアップ","個別カリキュラムの画面、生徒専用にカスタマイズされた学習プラン、個別の目標設定や進捗管理画面、パーソナライズされた学習管理","個別\nプラン","理解度に\n合わせた\nカリキュラム","AIレコメンド機能の画面、おすすめの学習コンテンツが表示されている、データに基づいた提案機能、スマートな学習支援システム","AI\nサポート","最適な課題を\n自動で\n提案","一人ひとりの理解度に合わせたレベル別指導で、確実にスキルアップできます。AIを活用した最適な課題提案で、効率的に学習を進められます。
#レベル別指導
#個別カリキュラム
#AI活用
#段階的学習
#確実な成長
#if塾"
"デジタルアートを表すグラフィック、絵筆とデジタルツールのイラスト、カラフルなアート作品、アーティスティックな雰囲気","デジタル\nアート","表現力を\n育てる","ピクセルアートエディタの画面、ドット絵を作成するツールインターフェース、カラフルなピクセルアート作品、グリッドとカラーパレットが表示された画面","ピクセル\nアート","ドット絵で\nキャラクター\n制作","デジタルイラストツールの画面、Pixilartなどのオンライン描画ツール、レイヤーやブラシツールが見えるインターフェース、子ども向けの使いやすいデザインツール","描画\nツール","デジタルで\n自由に\n描ける","作成したピクセルアート作品のギャラリー画面、複数の完成作品が並んでいる、キャラクターや背景などの多様な作品、クリエイティブな成果物","作品\nギャラリ\nー","自分の作品を\n展示\nできる","デジタルアートコースでは、プログラミングとアート制作を融合させます。技術力と表現力の両方を育て、お子様の個性を活かした創造活動ができます。
#デジタルアート
#表現力
#創造性
#プログラミング
#個性
#if塾"
"Web開発を表すグラフィック、ブラウザウィンドウとHTMLコードのイラスト、プロフェッショナルで技術的な雰囲気","Web\n開発","実用的な\nスキル習得","HTMLコードエディタの画面、カラフルな構文ハイライト表示、基本的なHTMLタグが記述されたコード、初心者向けのシンプルなコード例","HTML\nCSS","ウェブの\n基礎を\n学ぶ","ウェブサイトのプレビュー画面、作成中のウェブページがブラウザに表示されている、シンプルで見やすいウェブデザイン、実際に動作するページ","ページ\n制作","自分の\nサイトを\n作る","レスポンシブデザインの比較画面、PC・タブレット・スマホでの表示の違い、複数デバイスでの表示確認、モダンなウェブデザインの例","レスポン\nシブ","色々な\n画面サイズに\n対応","Web開発コースでは、実際に公開できるウェブサイトを作ります。デザインとコーディングの両方を学び、将来に活かせる実践的なスキルが身につきます。
#Web開発
#HTML
#CSS
#実践的スキル
#ポートフォリオ
#if塾"
"データを表すグラフィック、グラフやチャートのイラスト、分析的でインテリジェントな雰囲気、青と緑の配色","データ\nサイエンス","数字から\n学ぶ力","Excelやスプレッドシートのデータ表、整理されたデータテーブル、数値やカテゴリが並んだ表形式、データ入力と整理の画面","データ\n整理","情報を\n整理する\n方法を学ぶ","グラフ作成ツールの画面、棒グラフや円グラフが表示されている、カラフルで見やすいデータビジュアライゼーション、グラフ作成インターフェース","グラフ\n作成","データを\n視覚化\nする","データ分析結果のダッシュボード、複数のグラフやチャートが配置された分析画面、インサイトが得られる統計表示、分析結果の視覚化","分析\n結果","データから\n傾向を\n読み取る","データサイエンスコースでは、データ分析の基礎を学びます。身近なデータを使って実践的に学ぶことで、論理的思考と分析力が自然に身につきます。
#データサイエンス
#データ分析
#論理的思考
#分析力
#実践学習
#if塾"
"料金プランを表すグラフィック、価格表のイラスト、信頼感と透明性を示すデザイン、シンプルでわかりやすいレイアウト","明確な\n料金","安心して\n始められる","料金表の画面、コース別の料金プランが一覧表示されている、わかりやすい表形式、含まれる内容が明記された料金表","わかり\nやすい","追加費用\nなしの\n明確な価格","料金シミュレーター画面、月額料金や年間費用が計算できるツール、スライダーやドロップダウンで選択できる料金計算機、視覚的にわかりやすい料金提示","料金\n計算","実際の費用を\nすぐに\n確認","支払い方法の案内画面、クレジットカードや銀行振込などの支払いオプション、安全な決済システムの説明、セキュアな支払いプロセス","簡単\n決済","オンラインで\n安全に\n支払い","if(塾)の料金体系は明確でわかりやすく設定されています。コース別の料金で、必要な学習内容を選んで始められます。追加費用の心配もありません。
#料金
#明確な価格
#安心
#コース選択
#オンライン入会
#if塾"
"インクルーシブ教育を表すグラフィック、多様な人々を示すアイコン、温かく歓迎的な雰囲気、カラフルで明るい配色","全ての\n子に","年齢や\nレベル問わず","年齢別・レベル別コース一覧の画面、幅広い対象年齢とレベルが表示された案内、誰でも始められることを示す情報、多様な選択肢","誰でも\n始められる","初心者から\n経験者まで\n大歓迎","アクセシビリティ機能の説明画面、字幕機能や画面読み上げ機能などの支援機能、インクルーシブな学習環境を示す情報、配慮が行き届いた機能紹介","配慮\nある環境","必要な\nサポートを\n提供","多様な学習スタイルを示すグラフィック、ビジュアル学習・実践学習など様々な学習方法、個性に合わせた学び方の提案、柔軟な学習アプローチ","個性\n尊重","それぞれの\n学び方を\n大切に","if(塾)は、すべての子どもたちに開かれた学びの場です。初心者から上級者まで、それぞれのペースで成長できる環境を提供しています。
#すべての子どもに
#初心者歓迎
#多様性
#個性尊重
#inclusive教育
#if塾"
"Pythonプログラミングを表すグラフィック、Pythonロゴとコード、プロフェッショナルで技術的な雰囲気","Python\nプログラ\nミング","実用的な\n言語を学ぶ","PythonのIDEまたはオンラインエディタの画面、Pythonコードが記述されたエディタ、構文ハイライト表示、ReplitやGoogle Colabなどの学習環境","Python\nコード","プロが使う\n言語を\n学ぶ","Pythonのコンソール出力画面、プログラムの実行結果が表示されている、printの出力やグラフ表示、実際に動作している様子","実行\n結果","コードが\n実際に\n動く","Pythonで作成した簡単なゲームやツールの画面、完成したPythonプロジェクト、実用的なプログラムの例、成果物としてのアプリケーション","作品\n完成","実用的な\nプログラムを\n作成","Pythonプログラミングコースでは、実用的なプログラミング言語を基礎から学びます。実際に動くプログラムを作りながら、本格的なコーディングスキルを習得できます。
#Python
#プログラミング言語
#コーディング
#実用的スキル
#本格的学習
#if塾"
"ポートフォリオを表すグラフィック、作品集やギャラリーのイラスト、プロフェッショナルで整理された印象","作品\nポート\nフォリオ","学びの\n成果を形に","ポートフォリオウェブサイトのトップページ、作品サムネイルが並んだギャラリーレイアウト、プロフェッショナルなポートフォリオデザイン、作品一覧ページ","作品\n一覧","これまでの\n作品を\n展示","作品詳細ページの画面、プロジェクトの説明や使用技術が記載されている、スクリーンショットやデモ動画、詳細な作品紹介ページ","詳細\n説明","制作過程や\n工夫を\n説明","GitHubプロフィールページまたはポートフォリオサイトのURL、公開された作品ページ、シェア可能なポートフォリオリンク、オンラインで公開された成果物","公開\nURL","誰にでも\n見せられる\n形に","if(塾)では、作品ポートフォリオ作成をサポートしています。学習の成果を形にすることで、自信がつき、将来の進路でも活用できる資産になります。
#ポートフォリオ
#作品集
#成果の見える化
#将来への資産
#自信
#if塾"
"イベントを表すグラフィック、トロフィーや参加証のイラスト、エキサイティングで楽しい雰囲気、カラフルで活気のある配色","イベント\n参加","特別な\n体験機会","オンラインハッカソンの告知画面、イベントバナーや日程情報、参加募集の案内デザイン、魅力的なイベント告知","ハッカソ\nン開催","限られた時間で\n作品を\n作る挑戦","イベント参加中のZoom画面、複数の参加者が画面共有している様子、タイマーが表示されている、熱気が伝わるイベント画面","制作\n中","仲間と\n競い合う\n刺激","イベント成果発表の画面、完成作品のプレゼンテーション資料、順位やフィードバックが表示されている、達成を祝う雰囲気","発表\nの場","作品を\n披露する\n機会","if(塾)では、ハッカソンやコンテストなどの特別イベントに参加できます。仲間と協力して挑戦する貴重な経験が、大きな成長につながります。
#イベント
#ハッカソン
#チャレンジ
#特別体験
#成長機会
#if塾"
"学習環境を表すグラフィック、デスクとパソコンのイラスト、整理された落ち着いた雰囲気、シンプルで清潔感のある配色","学習\n環境","快適な\n学習空間","推奨環境の案内画面、必要な機器やインターネット速度の説明、セットアップガイド、わかりやすい環境要件の提示","推奨\n環境","必要な\n機器を\nご案内","Zoom画面の設定チュートリアル、カメラやマイクのテスト画面、音声・映像確認の手順、技術的なサポート情報","接続\nテスト","事前に\n動作確認\nできる","学習に集中できる環境づくりのインフォグラフィック、照明・座り方・休憩などのアドバイス、快適な学習環境のヒント、保護者向けガイド","環境\nづくり","集中できる\n空間を\n整える","オンライン学習を成功させるには、学習環境が大切です。if(塾)では、ご自宅での最適な学習環境作りもサポートします。
#学習環境
#オンライン学習
#集中力
#環境作り
#保護者サポート
#if塾"
"問題解決を表すグラフィック、パズルのピースや電球のイラスト、論理的で学習的な雰囲気、青とオレンジの配色","エラー\n解決","つまずきを\n乗り越える","エラーメッセージが表示されたコード画面、赤いエラーハイライト表示、デバッグの必要性を示す画面、学習の一部としてのエラー","エラー\nが出た","間違いから\n学ぶ\nチャンス","デバッグツールの画面、ブレークポイントやステップ実行機能、変数の値を確認できるデバッガー、問題解決のプロセス","デバッグ\nツール","原因を\n見つける\n方法","修正後の動作成功画面、エラーが解消されて正常動作している、グリーンのチェックマーク、成功メッセージ、達成感が伝わる画面","解決!\n成功","自分で\n問題を\n解決した喜び","プログラミングでは、エラー解決が重要な学びです。if(塾)では、エラーを恐れず、論理的に問題を解決する力を育てます。
#エラー解決
#デバッグ
#問題解決力
#論理的思考
#成長機会
#if塾"
"STEM教育を表すグラフィック、科学・技術・工学・数学の要素アイコン、学術的で先進的な雰囲気、マルチカラーの配色","STEM\n教育","科学・技術・\n工学・数学","STEM要素を統合したプロジェクト画面、データとコードが組み合わさった学習環境、数学的な計算とプログラミングの融合、統合的な学習内容","教科\n横断","複数の\n分野を\n組み合わせる","科学実験のシミュレーションソフト画面、物理や化学の実験をデジタルで再現、データグラフと実験結果、ビジュアル化された科学学習","実験\nシミュレ\nーション","仮想環境で\n実験\nできる","数学とプログラミングを組み合わせたプロジェクト、幾何学模様やフラクタル図形の生成コード、アルゴリズムとビジュアルの融合、美しい数学的作品","数学×\nコード","数学を\nプログラムで\n表現","if(塾)のSTEM教育では、科学・技術・工学・数学を統合的に学びます。教科を超えた学びで、実社会で活きる総合的な力を育てます。
#STEM教育
#統合学習
#21世紀型スキル
#実社会
#総合力
#if塾"
"デジタルリテラシーを表すグラフィック、盾やセキュリティのアイコン、信頼と安全を示す雰囲気、青と緑の配色","デジタル\nリテラシ\nー","安全に\nネットを使う","インターネット安全教育の教材画面、パスワード管理やプライバシー設定の説明、イラスト付きのわかりやすい安全ガイド、子ども向け教育コンテンツ","安全\nルール","ネットの\n危険から\n身を守る","フィッシング詐欺やスパムメールの見分け方の教材、危険な例と安全な例の比較、クイズ形式の学習コンテンツ、インタラクティブな教育教材","見分ける\n力","怪しい\nサイトを\n判断","著作権や情報モラルの説明画面、引用ルールや他者への配慮について、マナーとモラルのガイドライン、倫理的なネット利用の教育","情報\nモラル","正しい\n使い方を\n学ぶ","デジタルリテラシー教育も重視しています。安全なインターネット利用と情報モラルを学び、デジタル社会で責任ある行動ができる力を育てます。
#デジタルリテラシー
#ネット安全
#情報モラル
#デジタル市民
#安全教育
#if塾"
"振り返りを表すグラフィック、ノートや鉛筆のイラスト、落ち着いた学習的な雰囲気、緑と青の配色","振り返り\nの時間","学びを\n定着させる","学習記録ノートの画面、デジタルノートやジャーナルアプリ、今日学んだことをまとめる欄、振り返りフォーマット","学習\nノート","今日学んだ\nことを\n記録","振り返りシートのテンプレート、「わかったこと」「難しかったこと」「次の目標」などの項目、構造化された振り返り支援ツール","振り返り\nシート","自分の\n理解度を\n確認","学習履歴のタイムライン表示、過去の学習内容が時系列で表示されている、成長の軌跡が見えるダッシュボード、学習の積み重ねの視覚化","成長\nの記録","過去の自分と\n比べて\n成長実感","if(塾)では、定期的な振り返りの時間を大切にしています。学んだことを言語化し、自己理解を深めることで、より効果的な学習につながります。
#振り返り
#メタ認知
#学習記録
#自己理解
#効果的学習
#if塾"
"修了と未来を表すグラフィック、卒業帽やロケットのイラスト、希望に満ちた明るい雰囲気、虹色やカラフルな配色","修了\nそして\n次へ","終わりは\n新たな始まり","デジタル修了証明書のデザイン、名前とコース名が記載された公式証明書、達成を祝うデザイン要素、プリント可能な証明書","修了\n証明書","頑張った\n証が\n残る","コース修了後の進路オプションの案内、上級コースや専門コースの紹介、次のステップへの道筋、継続的な学習機会","次の\nコース","さらに\n学び続ける\n道","卒業生作品ギャラリー、過去の生徒が作成した優秀作品、インスピレーションを与える成果物、ロールモデルとしての先輩作品","卒業生\nの作品","先輩たちの\n素晴らしい\n作品","コース修了は、新たな挑戦への始まりです。if(塾)で身につけた力を活かして、お子様はさらに大きな未来へと羽ばたいていきます。
#コース修了
#達成
#新たな挑戦
#未来
#人生の財産
#if塾"
