id,動画場面1説明,動画場面1テキストエリア1,動画場面1テキストエリア2,動画場面2説明,動画場面2テキストエリア1,動画場面2テキストエリア2,動画場面3説明,動画場面3テキストエリア1,動画場面3テキストエリア2,投稿のテキスト,ハッシュタグ
1,真っ暗な画面から光が差し込む,24時間,いつでも質問OK,AI先生がパソコン画面に表示されている様子,あなただけの,学習プラン,生徒が嬉しそうに学習している様子,if(塾)の,AI先生システム,if(塾)のAI先生は24時間あなたをサポート！個人に合わせた最適な学習で成長を加速させます,#if塾 #AI先生 #24時間サポート #個別学習
2,マインクラフトの世界が映し出される,ゲーム感覚で,プログラミング学習,生徒がコマンドブロックを操作する様子,創造力を,最大限に発揮,完成した壮大な建築物が空から見下ろされる,楽しく学んで,本物のスキル習得,マインクラフトで楽しくプログラミングを学習！遊びながら本格的なスキルが身につきます,#if塾 #マインクラフト教育 #プログラミング学習 #創造力
3,不登校で悩む生徒の後ろ姿,中学特別支援学級,から,塾長が笑顔でパソコンに向かう様子,国立大学,合格達成,現在塾長として他の生徒を指導する様子,今度は君の番だ,可能性は無限大,不登校から国立大学合格を果たした塾長の実体験。あなたも必ず道は開けます,#if塾 #不登校支援 #国立大学合格 #可能性 #塾長体験談
4,高校生が真剣に会議をしている様子,高校1年で,起業スタート,若い運営メンバーが活き活きと働く姿,同世代だから,わかる悩み,生徒と運営メンバーが笑顔で話している様子,未来の起業家を,育成します,現役高校生起業家が運営するif(塾)。同世代だからこそできるサポートがあります,#if塾 #高校生起業家 #同世代サポート #起業教育
5,電卓に11000という数字が映る,月額11000円で,すべて込み,様々なサービスアイコンが次々と表示,オンライン授業も,AI先生も,生徒が満足そうにサービスを利用している,コスパ最強の,教育サブスク,月額11000円でこれだけのサービス！コスパ最強の教育サブスクです,#if塾 #月額11000円 #教育サブスク #コスパ最強
6,企業のオフィス風景,実際の企業から,案件が来る,生徒が真剣に作業する様子,メンターが,完全サポート,報酬を受け取って喜ぶ生徒の様子,学びながら,稼ぐ体験,if(チャレンジ)で実際の企業案件に挑戦！学習しながら報酬も獲得できます,#if塾 #ifチャレンジ #企業案件 #実践学習 #報酬獲得
7,日本地図に地方と都市部の格差を示すグラフ,地域格差を,解消したい,オンライン授業で全国の生徒が学ぶ様子,全国どこでも,同じ品質の教育,秋田から全国に向けて発信する様子,地方発,ICT教育革命,地方でも最先端のICT教育を！if(塾)が教育格差解消に挑みます,#if塾 #地域格差解消 #地方ICT教育 #教育革命
8,心理学の本が開かれる様子,元臨床心理士の,専門アプローチ,塾頭が生徒一人ひとりと向き合う様子,心の成長も,一緒にサポート,生徒が安心して学習している様子,第三の居場所,ここにあります,心理学の専門知識を持つ塾頭が、あなたの心と学習の両面をサポートします,#if塾 #臨床心理士 #心理学的アプローチ #第三の居場所
9,秋田県の美しい風景,秋田の文化を,ゲームに込めて,Kitazunaのゲーム画面とキャラクター,伝統と革新の,融合,地域から全国へ発信する様子,地域創生,×ゲーム開発,秋田発の地域創生ゲームKitazuna！伝統文化とテクノロジーの新しい融合です,#if塾 #Kitazuna #地域創生ゲーム #秋田県
10,6つのクエストアイコンが順番に表示,初心者でも,安心スタート,生徒が段階的に学習している様子,ステップバイステップで,確実にスキルアップ,達成感を味わう生徒の笑顔,クエスト形式で,楽しく学習,if(チャレンジ)forビギナーは6つのクエスト形式！初心者も安心してスタートできます,#if塾 #ifチャレンジビギナー #初心者歓迎 #段階学習
11,ゲームコントローラーを握る手,格闘ゲーム,完全初心者から,eスポーツの試合会場,数ヶ月で,トップレベルに,優勝トロフィーを掲げるY君,専属eスポーツ,プレイヤー誕生,完全初心者から数ヶ月でトップレベルに！Y君の成長ストーリーです,#if塾 #eスポーツ #Y君 #成長ストーリー
12,プログラミング初心者マークから始まる,未経験からの,スタート,マインクラフトのシステムを開発する様子,今では塾の,システム全開発,周囲が驚く作品を次々と生み出す様子,天才的な,開発力誕生,未経験から天才開発者に！井上CTOの驚異的な成長物語です,#if塾 #CTO井上君 #未経験から天才 #開発力
13,心配そうな保護者の表情,子どもの教育,心配ですよね,専門スタッフが丁寧に相談に応じる様子,専門スタッフが,しっかりサポート,安心した保護者の笑顔,保護者も安心の,教育相談サービス,保護者の方々の心配事も専門スタッフがしっかりサポートします,#if塾 #保護者サポート #教育相談 #安心
14,オンライン授業の画面,全国どこでも,同じ品質,秋田でのオフラインイベントの様子,リアルな交流も,大切に,両方を組み合わせた理想の学習環境,オンライン×,オフライン,オンラインの便利さとオフラインの温かさを両立した理想の学習環境です,#if塾 #ハイブリッド学習 #オンライン #オフライン
15,社会課題を示すグラフ,日本が抱える,教育課題,if(塾)の生徒たちが活動する様子,若い力で,社会を変える,明るい未来を描く様子,課題解決に,挑む教育,不登校や地域格差などの社会課題に若い力で挑戦しています,#if塾 #社会課題解決 #若い力 #教育改革
16,生徒の作品が次々と映し出される,生徒たちの,素晴らしい作品,制作過程でのワクワクした表情,創造力×,技術力,完成作品を誇らしげに紹介する様子,若い才能が,花開く場所,生徒たちの素晴らしい作品をご紹介！創造力と技術力が融合した傑作です,#if塾 #生徒作品 #創造力 #技術力
17,企業オフィスでの打ち合わせ風景,実際の企業案件,にチャレンジ,生徒がプロジェクトに取り組む様子,本物のスキルを,実践で習得,成果物を発表する生徒の誇らしげな表情,学習と実践が,一体化,企業案件で本物のスキルを習得！学習と実践が一体化した画期的なシステムです,#if塾 #企業案件 #実践学習 #本物のスキル
18,ビジネスプランを作成する様子,将来は起業家に,なりたい,資金調達の相談をする場面,専門的な,起業サポート,実際に起業した生徒の成功事例,独立への道を,全面バックアップ,起業を目指すあなたを全面サポート！実践的なビジネススキルを身につけられます,#if塾 #起業支援 #ビジネススキル #独立サポート
19,NPOの活動風景,教育だけでなく,就労支援も,地域企業との連携場面,地域全体で,支え合い,温かいコミュニティの様子,温かい地域,コミュニティ,NPO法人if(AI)と連携した包括的サポート。地域と共に歩む温かい支援です,#if塾 #NPOif_AI #地域連携 #温かいサポート
20,AIが学習データを分析する様子,あなただけの,学習データ分析,個別最適化された学習プランの表示,AIが見つけた,あなたの弱点,効率的に成長する生徒の様子,学習効率,10倍アップ,AI先生があなたの学習を最適化！従来の10倍の効率で成長できます,#if塾 #AI学習最適化 #個別分析 #効率的成長
21,マインクラフトの楽しい世界,楽しいゲームが,学習ツールに,プログラミング概念を視覚的に学ぶ様子,遊びながら,本物のスキル習得,現実世界で活躍する元生徒,ゲーム×教育の,革命,ゲームを学習ツール化した革新的教育！遊びながら本物のスキルが身につきます,#if塾 #ゲーム教育 #マインクラフト #革新的学習
22,地方の美しい風景,地方にいても,都市部と同等,優秀な地方人材が活躍する様子,地域から,日本を変える,全国に向けて発信する様子,地方創生の,モデルケース,地方からICT教育を変革！地域創生のモデルケースを作り上げています,#if塾 #地方創生 #ICT人材育成 #地域から変革
23,仲間同士が励まし合う様子,一人じゃない,仲間がいる,メンターと生徒の信頼関係,信頼できる,メンターがいる,家族のような温かい雰囲気,第二の家族,温かいコミュニティ,if(塾)は第二の家族のような温かいコミュニティ。一人ひとりが大切にされています,#if塾 #温かいコミュニティ #仲間 #第二の家族
24,多様な進路の選択肢を示すイラスト,あなたの未来は,無限大,実践的スキルを身につける過程,在学中に,即戦力スキル習得,社会で活躍する卒業生,社会で活躍する,人材を育成,多様なキャリア形成を全面サポート！あなたの将来を一緒に描きましょう,#if塾 #キャリア形成 #多様な進路 #人材育成
25,Before Afterの比較画面,入塾前と,入塾後の変化,実際の成長事例を紹介,不登校から,自信回復,保護者からの感謝の声,確実な成長を,お約束,実際の成長事例をご紹介！if(塾)での学習がもたらす大きな変化をご覧ください,#if塾 #成長事例 #変化 #保護者の声
26,最新テクノロジーの映像,最新技術を,いち早く学習,AI、VR、IoTなどを活用する様子,未来に向けた,スキルを先取り,次世代を担う人材の姿,テクノロジー,最前線の教育,常に最新テクノロジーを学習に活用！未来に向けたスキルを先取りできます,#if塾 #最新技術 #先進教育 #未来スキル
27,お金を数える様子,スキルを,お金に変える,フリーランス案件に挑戦する様子,実際の案件で,報酬獲得,経済的自立を果たした様子,経済的自立への,第一歩,学習したスキルを実際にお金に変える体験！経済的自立への第一歩を踏み出せます,#if塾 #収益化体験 #経済的自立 #実践的学習
28,秋田県の風景とテクノロジーの融合,秋田県×,IT技術,地域プロジェクトに参加する様子,地域創生に,貢献,活性化された地域の様子,教育で地域を,元気にする,秋田県と連携した地域創生プロジェクト。教育を通じて地域全体を活性化しています,#if塾 #秋田県 #地域創生 #地域連携
29,世界地図が表示される,地方にいても,世界レベル,国際標準のスキルを学ぶ様子,グローバルな,視点を育成,世界で活躍する人材の姿,世界で通用する,人材を育成,地方からでもグローバルな視点を持った人材育成！世界で通用するスキルを身につけられます,#if塾 #グローバル人材 #国際標準 #世界レベル
30,継続的な成長を示すグラフ,卒業後も,ずっとサポート,長期的な関係を築く様子,一生の,パートナー,生涯学習を続ける様子,ライフタイム,サポートシステム,if(塾)は一時的な学習ではなく生涯のパートナー。継続的な成長をサポートします,#if塾 #継続サポート #ライフタイム #生涯学習
31,扉が開かれて光が差し込む,新しい人生の,扉を開こう,仲間と一緒に学ぶ楽しそうな様子,素晴らしい仲間と,出会える,夢に向かって歩む様子,if(塾)で,人生を変えよう,if(塾)であなたの人生を変えませんか？新しい可能性を一緒に発見しましょう！,#if塾 #人生を変える #新しい可能性 #仲間と成長